"class","n","average_cty","prop_4cyl"
"2seater",5,15.4,0
"compact",47,20.1276595744681,0.680851063829787
"midsize",41,18.7560975609756,0.390243902439024
"minivan",11,15.8181818181818,0.0909090909090909
"pickup",33,13,0.0909090909090909
"subcompact",35,20.3714285714286,0.6
"suv",62,13.5,0.129032258064516
