"hour","ERCOT"
0,31208.5088
1,29630.6891339612
2,28486.7920709602
3,27650.2762839601
4,27211.9226369621
5,27234.156384964
6,27798.4213469621
7,28821.2399799658
8,29801.6500459595
9,31047.685837957
10,32287.3885759617
11,33235.0026149571
12,34032.9705579574
13,34286.8669449581
14,34167.3164249616
15,33945.7078569574
16,33592.5106009556
17,33184.380359956
18,33950.0223199573
19,35027.6341799603
20,34734.4402059577
21,34337.5576689587
22,33705.146672956
23,32608.6391299604
