"sex","passengerClass","total_count","surv_count","surv_pct"
"female","1st",125,121,0.968
"female","2nd",85,74,0.870588235294118
"female","3rd",106,47,0.443396226415094
"male","1st",144,47,0.326388888888889
"male","2nd",143,12,0.0839160839160839
"male","3rd",289,45,0.155709342560554
